transaction_id,timestamp,amount,merchant,location,payment_method,fraud
1,2024-08-01,404.43,Best Buy,Seattle,Mobile Pay,0
2,2024-05-09,587.06,Apple Store,New York,Credit Card,0
3,2024-03-13,1972.41,Starbucks,Chicago,Credit Card,1
4,2025-07-10,445.41,Apple Store,Miami,Debit Card,0
5,2025-11-08,1704.13,Netflix,Seattle,Debit Card,0
6,2024-03-24,1667.46,Starbucks,Los Angeles,Credit Card,0
7,2025-11-11,915.35,Best Buy,Chicago,Mobile Pay,0
8,2024-04-03,211.61,Walmart,Chicago,Online Payment,0
9,2025-11-21,1981.08,Walmart,Dallas,Mobile Pay,0
10,2025-05-12,1116.01,Netflix,San Francisco,Online Payment,0
11,2025-08-01,1945.25,Netflix,Miami,Mobile Pay,0
12,2026-01-23,1267.35,Walmart,Chicago,Mobile Pay,0
13,2024-12-25,1163.34,eBay,Miami,Online Payment,0
14,2024-01-09,806.3,Target,New York,Debit Card,0
15,2024-01-24,873.56,Walmart,San Francisco,Debit Card,0
16,2025-08-22,1402.65,Netflix,Miami,Credit Card,0
17,2024-01-11,411.77,Target,San Francisco,Debit Card,0
18,2025-12-18,1380.59,Best Buy,Los Angeles,Mobile Pay,0
19,2024-06-10,133.07,Amazon,Dallas,Debit Card,0
20,2025-10-31,1863.1,Netflix,Chicago,Credit Card,0
21,2025-05-07,565.07,Amazon,Los Angeles,Online Payment,0
22,2024-01-02,1899.9,Starbucks,Los Angeles,Debit Card,0
23,2025-07-15,500.38,Target,Dallas,Debit Card,0
24,2024-04-19,1067.45,Apple Store,Los Angeles,Debit Card,0
25,2024-07-24,1996.7,Amazon,Dallas,Online Payment,0
26,2024-08-13,950.08,Netflix,San Francisco,Mobile Pay,0
27,2024-11-02,746.84,Netflix,Boston,Credit Card,1
28,2025-03-28,1308.56,eBay,San Francisco,Debit Card,0
29,2026-01-01,1662.58,Starbucks,New York,Online Payment,0
30,2025-10-30,252.18,eBay,Boston,Mobile Pay,0
31,2024-04-18,1784.68,Best Buy,Dallas,Mobile Pay,0
32,2024-05-16,951.28,Netflix,Chicago,Online Payment,0
33,2025-09-28,1561.27,Uber,Seattle,Online Payment,0
34,2024-01-02,357.47,eBay,San Francisco,Online Payment,0
35,2025-09-23,717.03,Starbucks,Miami,Debit Card,0
36,2024-08-29,1549.69,Target,San Francisco,Debit Card,0
37,2025-01-25,1118.37,eBay,Dallas,Mobile Pay,0
38,2024-01-13,842.4,Apple Store,Seattle,Mobile Pay,0
39,2026-03-09,833.41,Best Buy,Seattle,Debit Card,1
40,2025-11-04,275.7,Uber,Seattle,Credit Card,0
41,2026-02-26,1314.15,Apple Store,New York,Debit Card,0
42,2025-03-07,1298.21,Netflix,Dallas,Online Payment,0
43,2025-03-12,658.84,Walmart,Seattle,Online Payment,0
44,2024-08-14,1177.94,Uber,Miami,Online Payment,0
45,2025-06-21,1065.83,Best Buy,San Francisco,Mobile Pay,0
46,2025-11-03,963.66,Starbucks,Chicago,Online Payment,0
47,2025-05-09,1654.5,Apple Store,Los Angeles,Mobile Pay,0
48,2024-01-30,1080.39,Best Buy,Miami,Credit Card,0
49,2024-08-29,1403.75,Best Buy,Dallas,Debit Card,0
50,2024-02-02,1330.75,Amazon,San Francisco,Credit Card,0
51,2024-11-30,175.37,Walmart,Miami,Debit Card,0
52,2026-02-07,1017.23,Apple Store,Dallas,Debit Card,0
53,2024-07-17,1950.31,Walmart,Chicago,Debit Card,0
54,2024-05-01,36.21,Amazon,Dallas,Debit Card,0
55,2024-12-27,1661.11,Uber,Chicago,Mobile Pay,0
56,2024-06-27,744.8,Amazon,San Francisco,Debit Card,0
57,2024-12-30,1507.91,Best Buy,Miami,Online Payment,1
58,2024-10-29,246.45,Target,Miami,Mobile Pay,1
59,2024-11-12,1976.88,Netflix,Los Angeles,Credit Card,0
60,2024-10-13,845.23,Walmart,Los Angeles,Mobile Pay,0
61,2025-09-15,1907.22,Amazon,Los Angeles,Online Payment,0
62,2025-12-18,451.66,eBay,New York,Debit Card,0
63,2025-04-03,123.6,Amazon,Dallas,Online Payment,0
64,2024-05-03,1240.05,eBay,Dallas,Credit Card,0
65,2025-12-19,420.63,Apple Store,Miami,Mobile Pay,0
66,2025-11-02,51.94,Starbucks,Boston,Mobile Pay,0
67,2024-12-29,311.25,Uber,Boston,Online Payment,0
68,2025-06-07,1413.02,eBay,New York,Online Payment,0
69,2025-05-29,1961.76,Uber,Chicago,Credit Card,1
70,2025-12-15,1529.7,Best Buy,Boston,Online Payment,0
71,2025-03-20,1134.94,Starbucks,Chicago,Credit Card,0
72,2025-08-21,1801.17,Target,New York,Online Payment,0
73,2025-01-24,935.21,Uber,San Francisco,Credit Card,0
74,2025-03-05,1430.45,Netflix,Los Angeles,Mobile Pay,0
75,2026-02-22,1797.37,Target,Seattle,Online Payment,0
76,2024-10-05,1252.59,Best Buy,Seattle,Credit Card,0
77,2024-02-02,968.34,Starbucks,New York,Mobile Pay,0
78,2024-09-28,1349.63,Apple Store,Los Angeles,Debit Card,1
79,2026-03-17,1261.67,Uber,Chicago,Debit Card,0
80,2024-07-18,1872.03,Uber,San Francisco,Mobile Pay,0
81,2025-06-17,1260.79,Uber,San Francisco,Debit Card,0
82,2024-10-27,1440.11,Netflix,Seattle,Online Payment,0
83,2025-03-18,693.46,Uber,Boston,Mobile Pay,0
84,2026-02-11,706.28,Starbucks,Los Angeles,Online Payment,0
85,2026-01-05,724.36,Best Buy,Seattle,Credit Card,0
86,2024-05-03,824.56,Walmart,San Francisco,Debit Card,0
87,2026-02-07,536.41,Starbucks,Chicago,Online Payment,0
88,2026-02-12,1573.84,Netflix,Dallas,Credit Card,0
89,2024-11-16,1475.56,Apple Store,San Francisco,Online Payment,0
90,2025-08-17,1123.87,Target,Miami,Mobile Pay,0
91,2025-11-21,1629.64,Apple Store,Los Angeles,Mobile Pay,0
92,2025-02-26,473.16,Walmart,Los Angeles,Online Payment,0
93,2024-02-26,658.73,Best Buy,Boston,Mobile Pay,0
94,2025-06-27,665.81,Apple Store,Los Angeles,Credit Card,0
95,2025-11-09,1477.76,Netflix,Chicago,Debit Card,0
96,2026-01-17,282.94,Uber,Chicago,Online Payment,0
97,2024-06-29,94.13,Netflix,Seattle,Credit Card,1
98,2024-08-14,689.03,Walmart,Seattle,Debit Card,0
99,2024-09-07,74.92,Target,Boston,Mobile Pay,0
100,2024-06-03,1864.27,Best Buy,Los Angeles,Debit Card,0
101,2025-02-28,441.87,Uber,Los Angeles,Online Payment,0
102,2024-02-19,203.54,Apple Store,Miami,Credit Card,0
103,2025-03-12,1494.18,Amazon,Chicago,Online Payment,0
104,2025-09-03,591.74,Walmart,Chicago,Online Payment,0
105,2026-01-01,508.68,eBay,Miami,Credit Card,0
106,2024-01-09,1395.71,Walmart,Boston,Credit Card,0
107,2024-05-24,367.74,Walmart,Boston,Credit Card,0
108,2024-04-18,901.6,Apple Store,Miami,Online Payment,0
109,2024-10-03,98.82,Amazon,New York,Credit Card,0
110,2025-05-25,162.12,Apple Store,Chicago,Online Payment,0
111,2025-08-19,1326.32,Netflix,Miami,Credit Card,0
112,2024-11-23,539.97,Best Buy,Los Angeles,Credit Card,0
113,2025-10-17,1628.2,Best Buy,Miami,Mobile Pay,0
114,2025-09-29,980.69,Uber,San Francisco,Mobile Pay,0
115,2024-06-12,1060.62,eBay,Boston,Credit Card,1
116,2025-02-24,355.67,Uber,Miami,Mobile Pay,1
117,2025-09-29,1619.36,Walmart,San Francisco,Credit Card,1
118,2025-11-10,1212.87,Target,Los Angeles,Credit Card,0
119,2025-05-01,107.32,Netflix,Dallas,Mobile Pay,0
120,2024-08-12,735.27,Best Buy,San Francisco,Mobile Pay,0
121,2024-03-07,1389.18,Netflix,Seattle,Mobile Pay,0
122,2025-05-29,359.98,Amazon,San Francisco,Credit Card,0
123,2024-12-08,1956.37,Apple Store,Seattle,Mobile Pay,0
124,2024-10-18,182.54,Walmart,Seattle,Debit Card,0
125,2025-05-30,1494.94,Uber,Boston,Debit Card,0
126,2024-10-26,236.3,Walmart,Chicago,Mobile Pay,0
127,2024-12-30,762.02,Target,San Francisco,Debit Card,0
128,2025-09-28,985.3,Walmart,San Francisco,Mobile Pay,0
129,2024-02-01,1249.84,Best Buy,San Francisco,Debit Card,0
130,2025-12-27,438.1,Uber,Boston,Credit Card,0
131,2026-03-09,321.3,Uber,Chicago,Debit Card,0
132,2025-02-09,1057.65,Best Buy,Dallas,Mobile Pay,0
133,2024-12-27,1095.32,Best Buy,Seattle,Credit Card,0
134,2025-11-07,1384.8,Apple Store,Dallas,Debit Card,1
135,2025-06-17,1572.82,eBay,Chicago,Mobile Pay,0
136,2025-03-20,1231.57,eBay,Los Angeles,Credit Card,0
137,2026-03-08,548.43,Netflix,New York,Mobile Pay,0
138,2024-04-18,1524.85,Target,New York,Mobile Pay,0
139,2025-06-06,579.93,Apple Store,Los Angeles,Mobile Pay,0
140,2026-03-05,1252.89,Starbucks,Miami,Online Payment,0
141,2025-03-25,1584.14,Netflix,New York,Debit Card,0
142,2025-03-27,1548.92,eBay,Seattle,Credit Card,1
143,2025-02-03,1795.98,eBay,Boston,Online Payment,0
144,2025-01-26,884.81,Starbucks,Chicago,Debit Card,0
145,2025-04-10,9.24,Apple Store,Chicago,Credit Card,0
146,2024-02-12,972.0,Uber,Seattle,Debit Card,0
147,2025-07-07,496.24,Best Buy,San Francisco,Credit Card,0
148,2026-02-01,901.33,eBay,Seattle,Credit Card,0
149,2024-04-13,1298.76,Amazon,Los Angeles,Mobile Pay,0
150,2026-03-17,1915.94,Walmart,San Francisco,Credit Card,0
151,2025-09-29,926.91,Target,San Francisco,Online Payment,1
152,2025-04-03,1526.06,Starbucks,Boston,Debit Card,0
153,2025-05-29,1983.81,Walmart,San Francisco,Debit Card,0
154,2024-01-08,841.32,eBay,San Francisco,Debit Card,0
155,2024-01-24,1586.48,Walmart,Los Angeles,Credit Card,0
156,2026-02-01,417.65,eBay,Dallas,Debit Card,0
157,2025-12-19,1564.87,Uber,Seattle,Credit Card,0
158,2024-11-19,900.47,eBay,Boston,Online Payment,0
159,2026-03-28,1699.45,Starbucks,Miami,Mobile Pay,0
160,2024-01-12,1701.56,Apple Store,Boston,Credit Card,0
161,2024-10-14,743.4,eBay,San Francisco,Debit Card,0
162,2025-10-23,1445.11,Netflix,Seattle,Online Payment,0
163,2026-01-30,495.91,Target,Seattle,Credit Card,0
164,2024-01-09,1848.18,Netflix,Seattle,Online Payment,0
165,2026-03-18,799.51,Uber,Boston,Mobile Pay,0
166,2024-10-20,690.32,Starbucks,Miami,Credit Card,0
167,2024-01-01,1040.25,eBay,Los Angeles,Debit Card,0
168,2025-11-14,1889.91,Uber,New York,Mobile Pay,0
169,2025-09-25,1318.14,Netflix,Boston,Debit Card,0
170,2025-07-14,990.65,Walmart,Miami,Credit Card,0
171,2024-02-04,1078.48,Apple Store,Seattle,Online Payment,0
172,2024-01-26,49.57,Best Buy,Seattle,Debit Card,0
173,2026-01-17,1634.8,eBay,Boston,Mobile Pay,1
174,2024-10-16,1492.63,Uber,Miami,Online Payment,0
175,2025-05-14,717.5,Apple Store,Chicago,Online Payment,0
176,2024-02-17,891.47,Starbucks,Seattle,Debit Card,0
177,2024-11-24,1154.45,eBay,New York,Mobile Pay,0
178,2024-02-22,327.51,Uber,New York,Debit Card,0
179,2025-12-30,565.7,Apple Store,San Francisco,Credit Card,0
180,2024-07-12,759.0,Starbucks,Miami,Online Payment,0
181,2024-05-19,1750.29,Netflix,New York,Credit Card,0
182,2024-10-26,1799.12,Best Buy,Los Angeles,Debit Card,0
183,2025-11-13,1643.69,Uber,Miami,Online Payment,0
184,2026-01-28,445.21,Target,Chicago,Mobile Pay,1
185,2025-08-02,681.24,Starbucks,New York,Debit Card,0
186,2024-11-29,1480.44,Uber,Dallas,Mobile Pay,0
187,2025-02-09,805.06,Uber,Seattle,Debit Card,0
188,2025-01-08,1313.43,Apple Store,Seattle,Credit Card,0
189,2025-08-25,107.96,Uber,San Francisco,Online Payment,0
190,2024-07-08,819.89,Starbucks,Dallas,Online Payment,0
191,2024-11-21,1238.79,Walmart,Boston,Credit Card,0
192,2025-08-18,47.34,Uber,San Francisco,Mobile Pay,0
193,2025-07-05,1771.16,Starbucks,San Francisco,Debit Card,0
194,2026-01-12,1151.5,Starbucks,Chicago,Mobile Pay,0
195,2026-03-08,765.81,Netflix,Los Angeles,Online Payment,0
196,2025-05-30,1976.28,Uber,Chicago,Debit Card,0
197,2025-11-14,1627.77,eBay,New York,Online Payment,0
198,2024-11-11,220.08,Apple Store,Chicago,Debit Card,0
199,2026-01-15,1383.46,Netflix,Dallas,Credit Card,0
200,2025-09-27,601.75,Apple Store,New York,Mobile Pay,0
201,2024-08-19,512.32,Best Buy,Miami,Online Payment,1
202,2024-07-23,1140.25,Netflix,Miami,Debit Card,0
203,2026-02-21,1191.83,Uber,Dallas,Online Payment,0
204,2025-05-11,326.4,Apple Store,San Francisco,Credit Card,0
205,2024-08-04,1615.22,Starbucks,San Francisco,Credit Card,0
206,2024-05-01,25.01,Target,Los Angeles,Credit Card,0
207,2025-07-04,319.77,Amazon,San Francisco,Online Payment,0
208,2024-07-11,1209.65,eBay,Chicago,Mobile Pay,0
209,2024-10-28,1574.96,Netflix,Chicago,Mobile Pay,0
210,2025-04-11,65.88,eBay,New York,Credit Card,0
211,2025-11-14,780.63,Amazon,Boston,Mobile Pay,0
212,2025-05-21,542.55,Target,Dallas,Online Payment,0
213,2025-01-26,1872.41,Apple Store,Dallas,Debit Card,0
214,2024-12-01,1454.14,Amazon,Chicago,Mobile Pay,0
215,2024-07-12,1230.35,Walmart,Seattle,Credit Card,1
216,2025-11-12,1142.34,Starbucks,San Francisco,Debit Card,0
217,2025-06-26,228.06,Apple Store,Chicago,Credit Card,0
218,2024-12-13,412.68,Target,Dallas,Online Payment,0
219,2025-07-09,1386.53,Best Buy,Los Angeles,Mobile Pay,0
220,2026-01-09,1100.64,Apple Store,Seattle,Online Payment,0
221,2024-02-12,1094.45,Best Buy,Los Angeles,Debit Card,0
222,2024-08-24,1923.53,Amazon,New York,Debit Card,0
223,2024-02-01,621.04,Target,New York,Online Payment,0
224,2026-01-14,497.04,Apple Store,San Francisco,Mobile Pay,0
225,2025-09-27,713.23,Starbucks,Seattle,Credit Card,0
226,2024-03-21,1633.34,eBay,San Francisco,Debit Card,0
227,2024-11-11,1744.86,Target,New York,Online Payment,0
228,2025-10-11,1150.27,Uber,San Francisco,Debit Card,0
229,2024-05-27,1682.04,Starbucks,New York,Credit Card,0
230,2025-02-26,1955.58,Netflix,Dallas,Credit Card,1
231,2025-08-25,1101.82,Apple Store,Chicago,Debit Card,0
232,2024-01-08,578.65,Starbucks,Los Angeles,Debit Card,0
233,2025-07-16,1231.49,Walmart,Chicago,Debit Card,0
234,2024-08-12,512.47,Best Buy,San Francisco,Mobile Pay,0
235,2025-09-04,567.9,Walmart,Boston,Credit Card,0
236,2025-09-21,1775.87,Amazon,Seattle,Credit Card,0
237,2024-07-29,312.43,Uber,Seattle,Mobile Pay,0
238,2025-08-25,1895.75,Target,Miami,Debit Card,1
239,2024-02-10,798.92,Netflix,Miami,Mobile Pay,0
240,2025-07-25,852.95,Best Buy,Dallas,Mobile Pay,0
241,2024-09-11,74.76,Best Buy,New York,Online Payment,0
242,2024-07-22,1751.51,Amazon,Chicago,Debit Card,0
243,2025-09-21,525.34,Target,Boston,Mobile Pay,0
244,2024-07-13,75.44,Uber,Seattle,Online Payment,0
245,2024-09-24,771.26,Amazon,Chicago,Debit Card,0
246,2024-09-13,891.76,Apple Store,Seattle,Credit Card,1
247,2024-12-10,734.12,Target,Boston,Mobile Pay,0
248,2024-04-22,872.33,Uber,Boston,Online Payment,0
249,2024-09-29,1807.19,Apple Store,Boston,Debit Card,0
250,2024-10-27,433.41,Netflix,Seattle,Online Payment,0
251,2024-08-01,1297.24,Target,New York,Credit Card,0
252,2024-07-13,170.61,Best Buy,Seattle,Credit Card,0
253,2026-02-25,402.9,Apple Store,Chicago,Debit Card,0
254,2025-03-09,459.61,Uber,Chicago,Online Payment,0
255,2024-08-11,783.1,Walmart,Los Angeles,Credit Card,0
256,2025-02-19,910.31,Netflix,Los Angeles,Credit Card,0
257,2024-03-30,602.37,Netflix,New York,Debit Card,0
258,2024-10-14,18.72,Netflix,Dallas,Debit Card,1
259,2025-11-27,617.56,Starbucks,Miami,Online Payment,0
260,2025-03-09,710.18,eBay,Miami,Credit Card,0
261,2024-10-13,200.34,Netflix,Chicago,Online Payment,0
262,2024-11-07,779.91,Target,Boston,Debit Card,0
263,2025-12-13,1716.41,Best Buy,Dallas,Mobile Pay,0
264,2024-09-20,1043.91,Walmart,New York,Online Payment,0
265,2025-08-20,1877.78,Best Buy,New York,Credit Card,1
266,2025-06-10,842.46,Apple Store,Miami,Online Payment,1
267,2024-07-02,398.38,Netflix,Dallas,Mobile Pay,0
268,2024-10-28,401.97,Best Buy,Seattle,Online Payment,0
269,2026-02-23,199.18,Netflix,Dallas,Credit Card,1
270,2024-03-29,44.79,Apple Store,Los Angeles,Credit Card,0
271,2025-10-06,462.58,Starbucks,Chicago,Debit Card,0
272,2024-11-01,512.0,eBay,Seattle,Credit Card,0
273,2026-01-05,1439.96,Apple Store,Seattle,Debit Card,0
274,2025-01-05,1386.64,eBay,Miami,Online Payment,0
275,2026-02-02,864.18,Apple Store,Los Angeles,Credit Card,0
276,2025-02-23,1865.45,Apple Store,New York,Online Payment,0
277,2024-05-19,555.03,Best Buy,Chicago,Mobile Pay,0
278,2025-05-10,968.04,Starbucks,San Francisco,Mobile Pay,0
279,2024-02-03,370.45,Best Buy,Dallas,Debit Card,1
280,2025-01-01,194.4,Target,Chicago,Credit Card,0
281,2024-03-19,1324.35,Uber,New York,Debit Card,0
282,2024-07-08,802.61,Best Buy,Los Angeles,Online Payment,1
283,2025-09-13,107.58,Walmart,Miami,Debit Card,0
284,2025-01-02,1035.0,Best Buy,Miami,Mobile Pay,0
285,2025-10-28,504.3,eBay,San Francisco,Mobile Pay,0
286,2025-12-11,1139.08,Starbucks,Boston,Mobile Pay,0
287,2024-11-24,1348.41,Uber,Seattle,Online Payment,0
288,2025-05-03,1242.68,Starbucks,San Francisco,Debit Card,0
289,2024-03-08,1031.05,eBay,Boston,Debit Card,0
290,2025-07-17,726.01,Starbucks,New York,Mobile Pay,0
291,2025-03-12,1562.56,Target,San Francisco,Credit Card,0
292,2024-10-29,1572.95,Amazon,Chicago,Debit Card,0
293,2025-10-04,1419.81,Starbucks,Chicago,Debit Card,0
294,2025-10-03,704.02,Best Buy,Dallas,Mobile Pay,0
295,2025-09-07,1861.35,Netflix,Chicago,Credit Card,0
296,2026-01-03,174.48,Amazon,San Francisco,Debit Card,0
297,2026-03-30,288.51,Best Buy,Boston,Credit Card,0
298,2026-02-13,1139.55,Amazon,Los Angeles,Online Payment,0
299,2026-03-25,1018.4,Starbucks,Dallas,Online Payment,0
300,2024-10-14,955.64,Uber,Chicago,Mobile Pay,0
301,2025-07-03,1318.66,Apple Store,Seattle,Credit Card,0
302,2024-09-01,1362.16,Walmart,Miami,Credit Card,0
303,2026-01-29,466.0,Amazon,Miami,Credit Card,0
304,2025-12-10,1001.0,eBay,Seattle,Debit Card,0
305,2024-02-24,1406.39,Walmart,Dallas,Credit Card,0
306,2025-05-19,1556.5,Amazon,Boston,Credit Card,0
307,2025-01-09,1403.91,Apple Store,New York,Online Payment,0
308,2025-03-21,1017.64,eBay,Seattle,Mobile Pay,1
309,2025-08-11,1480.92,Amazon,Miami,Debit Card,0
310,2026-02-13,404.91,Uber,Chicago,Online Payment,0
311,2024-06-21,912.27,Apple Store,Boston,Debit Card,0
312,2024-06-28,816.71,Best Buy,Chicago,Debit Card,0
313,2025-12-28,1037.04,Best Buy,Los Angeles,Online Payment,0
314,2024-06-29,1986.19,Target,Boston,Online Payment,0
315,2024-03-04,1232.06,Apple Store,Seattle,Mobile Pay,0
316,2024-06-09,1366.61,Apple Store,Dallas,Debit Card,0
317,2024-03-02,655.39,Amazon,New York,Credit Card,0
318,2025-12-29,602.45,Starbucks,Los Angeles,Debit Card,0
319,2025-07-28,1783.17,Target,New York,Online Payment,0
320,2025-12-26,1179.5,Starbucks,Los Angeles,Mobile Pay,0
321,2024-10-01,1896.96,Apple Store,Miami,Online Payment,0
322,2025-12-31,195.46,Best Buy,San Francisco,Mobile Pay,0
323,2025-07-09,518.59,Walmart,Miami,Credit Card,0
324,2025-06-08,357.19,Uber,New York,Debit Card,0
325,2024-04-19,123.96,Uber,Dallas,Online Payment,0
326,2024-08-30,925.66,Netflix,Chicago,Mobile Pay,0
327,2025-08-12,389.8,Netflix,Miami,Credit Card,0
328,2025-07-10,295.0,Uber,Chicago,Mobile Pay,0
329,2025-11-13,538.92,eBay,New York,Mobile Pay,0
330,2026-01-29,90.61,Netflix,Miami,Credit Card,0
331,2026-02-19,873.58,Uber,San Francisco,Credit Card,0
332,2025-10-28,1689.42,Target,San Francisco,Online Payment,1
333,2024-08-28,1147.78,eBay,Los Angeles,Debit Card,0
334,2024-01-05,1903.85,Amazon,Boston,Debit Card,0
335,2025-05-24,1503.67,Walmart,New York,Mobile Pay,0
336,2024-02-06,1669.91,Walmart,Boston,Mobile Pay,0
337,2024-06-03,330.83,Target,New York,Credit Card,0
338,2025-06-30,110.02,Amazon,Seattle,Debit Card,0
339,2025-01-16,473.83,Amazon,New York,Online Payment,0
340,2024-03-25,1663.3,Amazon,New York,Debit Card,0
341,2025-05-12,904.59,Starbucks,New York,Online Payment,0
342,2025-03-30,1705.12,Target,Boston,Mobile Pay,1
343,2024-09-09,1692.93,Walmart,New York,Credit Card,1
344,2024-05-20,453.48,Amazon,Seattle,Credit Card,0
345,2024-08-29,1066.96,Target,Dallas,Online Payment,0
346,2025-10-08,229.18,Apple Store,Chicago,Mobile Pay,0
347,2025-11-28,346.13,Uber,Boston,Mobile Pay,0
348,2024-04-24,822.58,Walmart,Miami,Mobile Pay,0
349,2025-06-30,637.93,Target,Chicago,Debit Card,0
350,2024-12-27,477.02,Apple Store,Miami,Credit Card,0
351,2024-07-20,1992.57,Amazon,Los Angeles,Credit Card,0
352,2026-02-04,859.45,Amazon,Boston,Debit Card,0
353,2025-07-14,631.19,Netflix,Los Angeles,Online Payment,0
354,2025-12-12,1694.16,Apple Store,San Francisco,Mobile Pay,0
355,2025-09-23,1598.36,Netflix,Miami,Online Payment,0
356,2025-05-22,1760.64,Starbucks,Los Angeles,Mobile Pay,0
357,2024-06-03,1577.68,Walmart,Miami,Debit Card,0
358,2024-03-09,890.19,Apple Store,Boston,Mobile Pay,1
359,2024-05-23,1621.29,Walmart,Los Angeles,Mobile Pay,0
360,2024-03-21,692.46,Starbucks,Los Angeles,Debit Card,0
361,2024-01-31,113.82,Amazon,San Francisco,Mobile Pay,0
362,2025-08-22,1579.11,Starbucks,San Francisco,Credit Card,0
363,2024-06-17,220.97,eBay,Chicago,Online Payment,1
364,2025-12-17,87.05,Best Buy,New York,Credit Card,0
365,2026-02-08,1654.77,Netflix,Miami,Mobile Pay,0
366,2025-11-29,354.68,Uber,Chicago,Debit Card,0
367,2025-10-21,1978.34,Walmart,Chicago,Online Payment,0
368,2025-02-24,1139.1,Amazon,Los Angeles,Online Payment,0
369,2024-01-02,894.19,Target,Chicago,Mobile Pay,0
370,2025-04-06,839.47,Target,Seattle,Mobile Pay,0
371,2025-06-09,406.74,Starbucks,Seattle,Online Payment,0
372,2025-03-05,1874.58,Apple Store,Miami,Debit Card,0
373,2025-02-22,539.53,Netflix,New York,Debit Card,0
374,2025-04-04,1754.3,Starbucks,Boston,Online Payment,0
375,2025-03-31,942.36,Target,Dallas,Mobile Pay,0
376,2024-03-26,547.43,Best Buy,Miami,Mobile Pay,0
377,2025-04-20,1057.4,Apple Store,Miami,Credit Card,0
378,2025-05-05,1770.02,Apple Store,San Francisco,Credit Card,0
379,2024-08-20,1600.88,eBay,Dallas,Credit Card,0
380,2025-05-16,1163.24,Starbucks,Miami,Online Payment,0
381,2024-04-27,1874.53,eBay,Dallas,Debit Card,0
382,2024-06-28,124.28,Uber,Miami,Credit Card,0
383,2025-07-12,1311.25,Apple Store,Seattle,Debit Card,0
384,2025-08-09,1940.66,eBay,Chicago,Online Payment,0
385,2025-10-01,1296.91,eBay,Los Angeles,Online Payment,0
386,2025-06-22,127.81,Netflix,Miami,Debit Card,0
387,2026-03-08,899.87,Starbucks,Los Angeles,Online Payment,1
388,2024-05-16,1512.12,eBay,Chicago,Mobile Pay,0
389,2025-01-14,1704.89,eBay,Miami,Online Payment,0
390,2024-08-29,939.23,Amazon,Seattle,Mobile Pay,0
391,2025-07-31,1220.82,Amazon,Miami,Credit Card,0
392,2024-08-22,336.96,Uber,New York,Online Payment,0
393,2024-01-07,71.37,Netflix,Miami,Credit Card,0
394,2025-01-17,571.48,Uber,Boston,Online Payment,0
395,2024-09-30,1440.62,Uber,Seattle,Online Payment,0
396,2024-12-10,695.38,Amazon,Chicago,Mobile Pay,0
397,2024-08-11,758.47,Amazon,New York,Debit Card,0
398,2025-06-02,261.11,Starbucks,Chicago,Debit Card,0
399,2024-11-27,1459.49,Starbucks,New York,Mobile Pay,1
400,2025-06-06,1735.21,Target,New York,Online Payment,0
401,2025-06-17,1233.19,Target,Miami,Mobile Pay,1
402,2024-03-20,1393.05,Amazon,Chicago,Online Payment,0
403,2024-12-15,493.95,Walmart,New York,Credit Card,0
404,2025-04-04,933.45,Walmart,Chicago,Credit Card,0
405,2025-04-07,1298.13,Apple Store,Miami,Debit Card,0
406,2024-12-22,209.33,Walmart,Boston,Credit Card,0
407,2025-07-31,1468.56,Walmart,San Francisco,Online Payment,0
408,2025-08-23,1134.58,eBay,Chicago,Online Payment,0
409,2024-01-25,51.11,Walmart,Chicago,Mobile Pay,0
410,2025-06-26,820.29,Target,Seattle,Online Payment,0
411,2025-07-25,758.25,Amazon,New York,Mobile Pay,0
412,2025-04-03,654.7,Best Buy,Miami,Online Payment,0
413,2026-03-24,742.81,Amazon,Chicago,Credit Card,1
414,2024-08-17,799.46,eBay,San Francisco,Online Payment,0
415,2026-01-21,1310.91,Best Buy,New York,Mobile Pay,0
416,2024-04-07,519.85,Amazon,Los Angeles,Debit Card,1
417,2024-01-11,1312.93,Amazon,Miami,Mobile Pay,0
418,2024-06-01,1850.67,Uber,Boston,Debit Card,0
419,2025-11-13,1720.38,Starbucks,Los Angeles,Debit Card,0
420,2024-10-29,754.11,Apple Store,Dallas,Credit Card,0
421,2025-05-18,735.82,Starbucks,Chicago,Debit Card,0
422,2025-11-03,1712.43,Apple Store,Boston,Online Payment,0
423,2024-11-12,432.05,Best Buy,Boston,Debit Card,0
424,2026-01-02,858.67,Walmart,San Francisco,Online Payment,0
425,2024-02-01,1842.06,Apple Store,Miami,Mobile Pay,0
426,2024-04-15,216.41,Walmart,Dallas,Online Payment,0
427,2024-04-24,1086.15,Uber,Los Angeles,Credit Card,0
428,2024-03-12,1795.22,Apple Store,Miami,Mobile Pay,0
429,2024-11-14,426.77,Netflix,Los Angeles,Credit Card,0
430,2025-07-17,1122.68,Best Buy,Seattle,Mobile Pay,0
431,2024-10-31,633.98,Starbucks,Chicago,Mobile Pay,0
432,2025-04-10,1146.59,Walmart,Los Angeles,Debit Card,0
433,2025-09-09,850.92,Amazon,Boston,Credit Card,0
434,2024-07-31,923.22,Target,Seattle,Credit Card,0
435,2025-05-14,305.67,Starbucks,Seattle,Debit Card,0
436,2024-04-25,259.86,Apple Store,Chicago,Debit Card,0
437,2024-11-13,921.34,Best Buy,Boston,Credit Card,0
438,2024-12-08,1004.16,Amazon,Chicago,Online Payment,0
439,2025-04-18,920.47,Starbucks,Chicago,Debit Card,0
440,2025-05-03,147.96,eBay,San Francisco,Credit Card,1
441,2024-03-18,329.42,Starbucks,Seattle,Credit Card,0
442,2025-03-17,428.67,Netflix,Miami,Mobile Pay,0
443,2024-12-05,474.26,Target,New York,Credit Card,0
444,2025-09-30,759.04,Apple Store,Boston,Credit Card,0
445,2024-02-06,1848.82,Uber,Miami,Credit Card,0
446,2025-05-30,1586.14,Starbucks,Boston,Debit Card,0
447,2025-01-18,568.33,Walmart,Los Angeles,Credit Card,0
448,2025-04-05,639.87,Best Buy,Miami,Credit Card,0
449,2025-10-14,872.27,Starbucks,San Francisco,Debit Card,0
450,2025-09-18,1762.09,Uber,Chicago,Credit Card,1
451,2025-05-24,1063.06,Netflix,Miami,Online Payment,1
452,2024-04-28,979.54,Amazon,New York,Credit Card,0
453,2025-07-03,1546.18,Best Buy,Miami,Mobile Pay,0
454,2024-05-07,1924.28,Starbucks,Miami,Online Payment,0
455,2024-03-31,166.09,Apple Store,Seattle,Online Payment,0
456,2025-10-22,261.8,Apple Store,Chicago,Credit Card,0
457,2024-03-20,298.94,Apple Store,San Francisco,Mobile Pay,0
458,2025-06-05,458.3,Uber,Miami,Mobile Pay,0
459,2024-09-04,1656.61,Amazon,Los Angeles,Credit Card,0
460,2024-11-27,735.37,Apple Store,Boston,Online Payment,0
461,2025-08-01,18.53,Best Buy,Los Angeles,Mobile Pay,0
462,2025-02-27,1191.83,Starbucks,Miami,Mobile Pay,0
463,2024-09-09,181.99,Starbucks,New York,Debit Card,0
464,2025-10-14,442.47,Starbucks,Chicago,Credit Card,0
465,2024-04-14,977.03,Walmart,Seattle,Credit Card,0
466,2025-11-19,725.78,Apple Store,San Francisco,Online Payment,0
467,2025-06-01,1555.06,Starbucks,Boston,Online Payment,0
468,2026-03-24,1614.5,eBay,San Francisco,Debit Card,0
469,2025-04-10,1392.13,Walmart,Miami,Mobile Pay,0
470,2025-10-20,738.88,Best Buy,Los Angeles,Debit Card,0
471,2026-03-18,23.12,Apple Store,Dallas,Credit Card,0
472,2025-02-04,386.56,Target,Los Angeles,Mobile Pay,0
473,2026-03-07,1626.24,Starbucks,San Francisco,Credit Card,0
474,2026-03-07,1738.28,Apple Store,Boston,Mobile Pay,0
475,2024-05-07,245.14,Uber,Miami,Debit Card,0
476,2025-12-14,571.77,Netflix,Miami,Debit Card,0
477,2024-07-10,808.83,Best Buy,Los Angeles,Debit Card,0
478,2024-10-31,1087.34,eBay,San Francisco,Mobile Pay,0
479,2026-01-22,1190.04,Walmart,Seattle,Credit Card,0
480,2026-03-28,1873.58,Walmart,Chicago,Credit Card,0
481,2024-01-26,952.26,Uber,Chicago,Debit Card,0
482,2024-05-04,815.81,Walmart,Chicago,Debit Card,0
483,2024-01-25,349.98,Amazon,New York,Online Payment,0
484,2024-12-18,1686.96,Target,Boston,Mobile Pay,1
485,2025-10-09,628.86,Target,Miami,Credit Card,0
486,2025-04-08,261.75,eBay,New York,Credit Card,0
487,2024-03-28,1616.51,eBay,Chicago,Debit Card,0
488,2025-06-05,1733.04,Uber,Seattle,Online Payment,0
489,2024-07-18,1651.71,Apple Store,New York,Debit Card,0
490,2024-06-22,1063.14,Best Buy,Miami,Credit Card,0
491,2024-03-11,830.62,eBay,San Francisco,Online Payment,0
492,2025-06-14,282.83,Apple Store,Chicago,Credit Card,1
493,2024-01-16,1969.64,Uber,Dallas,Credit Card,0
494,2025-02-16,1098.36,Netflix,Miami,Credit Card,0
495,2026-03-27,1886.93,Netflix,Dallas,Debit Card,0
496,2025-09-15,23.55,Target,Dallas,Mobile Pay,0
497,2024-03-24,1874.99,Apple Store,San Francisco,Credit Card,0
498,2024-12-01,1206.46,Uber,Los Angeles,Mobile Pay,0
499,2025-10-13,92.3,Netflix,Miami,Credit Card,0
500,2026-03-15,515.2,Walmart,Dallas,Credit Card,0
501,2025-05-09,639.77,Amazon,New York,Online Payment,0
502,2024-11-11,366.18,Target,Dallas,Online Payment,0
503,2024-06-18,654.32,Netflix,Boston,Online Payment,0
504,2025-02-25,588.1,Apple Store,Chicago,Debit Card,0
505,2025-04-27,156.03,Target,New York,Mobile Pay,0
506,2025-01-10,1202.79,Apple Store,Los Angeles,Mobile Pay,0
507,2025-10-21,484.02,eBay,Miami,Credit Card,0
508,2025-02-14,1659.4,Target,Dallas,Credit Card,0
509,2026-02-25,593.62,Walmart,Chicago,Online Payment,0
510,2024-06-15,1974.17,Uber,New York,Credit Card,1
511,2024-12-18,900.06,eBay,Chicago,Mobile Pay,1
512,2025-06-24,671.05,Amazon,Boston,Mobile Pay,0
513,2024-02-01,270.97,Walmart,New York,Online Payment,0
514,2024-02-27,215.93,Apple Store,San Francisco,Mobile Pay,0
515,2024-02-08,687.59,Starbucks,Chicago,Online Payment,0
516,2025-08-01,1110.72,Netflix,San Francisco,Credit Card,0
517,2024-09-05,1328.12,Walmart,Miami,Online Payment,0
518,2026-02-14,1724.79,Walmart,Los Angeles,Mobile Pay,0
519,2024-09-12,751.64,Best Buy,Seattle,Debit Card,0
520,2026-03-19,109.05,Apple Store,Boston,Debit Card,0
521,2025-12-24,1079.92,Uber,Dallas,Credit Card,0
522,2026-01-12,1483.97,Apple Store,Chicago,Credit Card,0
523,2025-08-16,1786.84,Uber,Seattle,Credit Card,0
524,2025-11-06,1826.62,Target,Seattle,Mobile Pay,0
525,2025-04-30,266.54,Target,Seattle,Credit Card,0
526,2025-03-23,325.21,Netflix,Miami,Mobile Pay,0
527,2024-05-29,911.66,Uber,Los Angeles,Mobile Pay,1
528,2025-09-25,400.49,Uber,Chicago,Debit Card,0
529,2024-07-03,1623.67,Amazon,New York,Debit Card,0
530,2025-04-23,389.98,eBay,San Francisco,Online Payment,0
531,2024-09-14,147.62,Starbucks,Los Angeles,Mobile Pay,0
532,2025-02-08,716.95,Uber,San Francisco,Mobile Pay,1
533,2024-12-31,695.85,Netflix,Dallas,Credit Card,0
534,2026-03-30,1657.66,Target,Boston,Debit Card,0
535,2025-01-25,1075.77,Best Buy,Miami,Online Payment,1
536,2025-04-09,523.76,Apple Store,Miami,Online Payment,0
537,2024-09-11,235.47,Best Buy,Miami,Credit Card,1
538,2025-01-24,1356.21,eBay,Boston,Debit Card,1
539,2024-04-04,1405.49,Walmart,Chicago,Online Payment,0
540,2024-01-03,1979.5,Apple Store,Boston,Credit Card,0
541,2024-05-30,522.99,Apple Store,Miami,Debit Card,0
542,2025-04-21,1532.98,Walmart,Dallas,Debit Card,0
543,2025-05-26,641.66,Apple Store,Chicago,Credit Card,0
544,2025-11-22,1780.11,Uber,New York,Online Payment,1
545,2025-05-10,195.2,Starbucks,San Francisco,Online Payment,0
546,2025-07-30,1721.38,eBay,Dallas,Credit Card,0
547,2024-08-27,552.22,Uber,San Francisco,Online Payment,0
548,2025-03-17,1360.35,Netflix,Boston,Mobile Pay,0
549,2025-01-09,243.11,Best Buy,San Francisco,Mobile Pay,0
550,2025-02-24,1362.19,Netflix,New York,Mobile Pay,0
551,2024-08-28,1267.37,Best Buy,San Francisco,Credit Card,0
552,2025-10-26,702.38,Uber,Chicago,Online Payment,0
553,2024-05-23,1888.18,Amazon,Boston,Credit Card,0
554,2024-03-31,1408.72,Uber,San Francisco,Mobile Pay,0
555,2024-08-01,1232.77,Uber,Los Angeles,Online Payment,0
556,2024-02-09,751.74,Netflix,Miami,Credit Card,0
557,2024-11-14,1253.03,Uber,Dallas,Mobile Pay,0
558,2024-06-03,1288.36,eBay,Chicago,Credit Card,0
559,2026-02-07,1626.13,Amazon,Boston,Mobile Pay,0
560,2025-04-07,1036.77,Apple Store,Boston,Online Payment,0
561,2024-06-05,633.46,Target,Los Angeles,Mobile Pay,1
562,2024-12-02,331.91,Best Buy,Los Angeles,Credit Card,0
563,2024-12-11,1339.47,Walmart,Miami,Online Payment,0
564,2024-03-24,996.27,Netflix,Boston,Debit Card,0
565,2025-09-09,395.24,Walmart,New York,Online Payment,0
566,2026-03-13,297.13,Netflix,Dallas,Online Payment,0
567,2024-10-25,1722.97,Best Buy,Miami,Online Payment,0
568,2025-05-03,718.1,Apple Store,Dallas,Online Payment,0
569,2024-05-26,352.28,Amazon,Boston,Mobile Pay,0
570,2024-02-08,1218.98,Best Buy,Chicago,Online Payment,0
571,2024-04-11,22.93,Walmart,Chicago,Online Payment,1
572,2024-10-16,563.14,Apple Store,New York,Credit Card,0
573,2024-01-08,1824.67,eBay,New York,Debit Card,0
574,2025-12-23,1023.35,Netflix,Boston,Debit Card,0
575,2025-08-11,1437.17,Target,Seattle,Online Payment,0
576,2024-07-26,645.36,Uber,Miami,Online Payment,0
577,2025-08-17,491.58,Best Buy,New York,Mobile Pay,0
578,2025-12-19,752.12,Starbucks,Boston,Credit Card,1
579,2025-02-21,36.83,Amazon,Los Angeles,Online Payment,0
580,2024-03-31,1772.43,eBay,Los Angeles,Debit Card,1
581,2025-08-13,1731.36,Starbucks,New York,Debit Card,0
582,2025-05-31,1849.64,Uber,Boston,Credit Card,0
583,2026-01-16,677.34,Best Buy,Boston,Debit Card,0
584,2025-01-14,1579.48,Starbucks,Seattle,Debit Card,0
585,2024-11-08,375.85,Best Buy,Miami,Debit Card,0
586,2024-08-03,370.06,Netflix,Seattle,Debit Card,0
587,2024-07-16,1872.6,eBay,San Francisco,Credit Card,0
588,2024-12-28,1874.15,Uber,Boston,Online Payment,0
589,2025-09-30,1432.32,Starbucks,Seattle,Online Payment,0
590,2026-03-17,1008.19,Target,New York,Credit Card,0
591,2024-07-22,1779.03,Best Buy,Chicago,Online Payment,0
592,2026-03-07,965.39,Walmart,Chicago,Online Payment,0
593,2024-07-30,971.84,Target,Dallas,Mobile Pay,0
594,2025-10-08,847.88,Target,San Francisco,Debit Card,0
595,2026-03-11,1230.69,Apple Store,Miami,Online Payment,0
596,2025-01-15,1381.79,Apple Store,San Francisco,Online Payment,0
597,2025-09-02,15.65,Amazon,Seattle,Debit Card,0
598,2024-02-08,1259.76,eBay,San Francisco,Credit Card,0
599,2025-02-05,1708.01,eBay,Los Angeles,Credit Card,1
600,2025-10-23,1884.28,Starbucks,New York,Online Payment,0
601,2024-01-14,1535.87,Amazon,Boston,Online Payment,1
602,2025-05-11,396.97,Netflix,San Francisco,Online Payment,0
603,2024-04-17,1779.82,Apple Store,New York,Online Payment,1
604,2025-03-01,1009.89,Uber,Miami,Online Payment,0
605,2025-07-30,1314.97,Walmart,Los Angeles,Mobile Pay,0
606,2025-04-09,973.63,Target,San Francisco,Mobile Pay,0
607,2025-10-24,1217.4,Target,Los Angeles,Credit Card,0
608,2024-12-18,1929.83,Walmart,New York,Debit Card,1
609,2024-05-12,614.64,Apple Store,New York,Credit Card,1
610,2024-12-07,831.02,Netflix,Chicago,Credit Card,1
611,2024-09-29,1479.48,eBay,Dallas,Online Payment,1
612,2024-01-11,1705.37,Apple Store,New York,Debit Card,0
613,2025-11-23,629.69,Starbucks,Miami,Debit Card,0
614,2024-08-26,255.64,Best Buy,Chicago,Mobile Pay,0
615,2024-08-14,158.36,Starbucks,Boston,Mobile Pay,0
616,2025-08-16,1108.22,Netflix,Seattle,Debit Card,0
617,2024-11-24,1825.66,Target,New York,Mobile Pay,0
618,2024-12-15,1161.77,Amazon,Boston,Debit Card,0
619,2025-07-28,1322.62,Best Buy,Boston,Credit Card,1
620,2024-03-15,117.73,eBay,Miami,Online Payment,0
621,2024-09-30,995.91,Walmart,Seattle,Mobile Pay,0
622,2026-01-26,933.58,Starbucks,San Francisco,Online Payment,0
623,2026-02-21,156.92,Best Buy,New York,Online Payment,0
624,2024-04-29,52.69,Starbucks,Dallas,Debit Card,0
625,2025-02-04,678.61,Best Buy,Boston,Credit Card,1
626,2026-01-24,37.72,Apple Store,Boston,Debit Card,0
627,2025-05-05,275.48,eBay,Seattle,Debit Card,0
628,2025-10-18,1865.46,eBay,Dallas,Mobile Pay,0
629,2024-11-16,419.86,Starbucks,Miami,Mobile Pay,0
630,2026-02-06,1570.46,Apple Store,Seattle,Credit Card,0
631,2024-11-24,87.27,Apple Store,Chicago,Credit Card,0
632,2024-02-23,492.49,Amazon,Los Angeles,Credit Card,0
633,2025-05-14,1564.82,Uber,Miami,Credit Card,0
634,2025-12-21,61.85,Netflix,New York,Debit Card,0
635,2024-09-26,707.05,Target,New York,Online Payment,0
636,2024-04-02,28.96,eBay,Dallas,Credit Card,0
637,2025-08-16,1999.81,eBay,New York,Online Payment,0
638,2024-01-28,1074.3,Uber,Chicago,Credit Card,0
639,2024-06-11,1051.74,Starbucks,Chicago,Credit Card,0
640,2024-07-31,397.99,eBay,New York,Debit Card,0
641,2024-10-12,346.72,Best Buy,Boston,Debit Card,0
642,2024-01-16,420.61,Apple Store,Seattle,Debit Card,0
643,2024-05-23,1082.62,Best Buy,Boston,Credit Card,0
644,2026-03-07,1456.66,Apple Store,Boston,Debit Card,0
645,2025-07-13,943.74,Amazon,Dallas,Mobile Pay,1
646,2024-11-29,246.1,Walmart,Seattle,Credit Card,0
647,2024-08-13,398.35,Apple Store,Los Angeles,Debit Card,0
648,2024-07-07,744.86,Target,Los Angeles,Mobile Pay,0
649,2025-02-03,587.27,Starbucks,Boston,Credit Card,0
650,2025-08-12,323.42,Amazon,Chicago,Debit Card,0
651,2024-10-30,90.69,Netflix,New York,Debit Card,0
652,2024-10-30,664.25,Best Buy,San Francisco,Credit Card,0
653,2024-03-23,293.88,eBay,Boston,Mobile Pay,0
654,2025-06-04,1570.7,Amazon,Chicago,Online Payment,0
655,2024-04-26,960.37,Uber,Boston,Debit Card,0
656,2024-11-21,446.57,eBay,Dallas,Online Payment,0
657,2024-10-07,760.18,Target,Miami,Mobile Pay,0
658,2025-01-26,1800.59,Starbucks,San Francisco,Online Payment,1
659,2025-05-24,271.54,Amazon,Chicago,Debit Card,0
660,2025-05-07,750.01,Target,San Francisco,Debit Card,0
661,2024-10-15,917.85,Best Buy,New York,Online Payment,0
662,2025-11-26,642.16,Amazon,New York,Debit Card,0
663,2024-04-15,940.88,eBay,Miami,Mobile Pay,0
664,2024-02-10,444.21,Uber,Miami,Debit Card,1
665,2025-04-16,194.85,Target,San Francisco,Credit Card,0
666,2025-11-03,1255.38,Apple Store,Dallas,Debit Card,0
667,2024-01-05,1929.14,Best Buy,Miami,Debit Card,0
668,2026-01-08,904.52,Netflix,Seattle,Online Payment,0
669,2025-12-12,1854.14,Best Buy,Boston,Debit Card,1
670,2025-07-07,474.84,Apple Store,San Francisco,Mobile Pay,1
671,2024-11-22,746.21,Apple Store,Chicago,Online Payment,0
672,2025-10-22,318.45,eBay,Boston,Debit Card,0
673,2026-02-07,1532.56,Netflix,New York,Mobile Pay,0
674,2025-08-29,994.82,Starbucks,Boston,Credit Card,0
675,2024-12-19,1426.11,Starbucks,Seattle,Mobile Pay,0
676,2025-01-08,715.55,Netflix,Seattle,Credit Card,0
677,2025-10-03,552.86,Amazon,San Francisco,Credit Card,1
678,2026-03-11,832.67,Apple Store,New York,Credit Card,0
679,2024-12-05,550.25,Uber,San Francisco,Online Payment,0
680,2024-08-22,1581.68,Starbucks,New York,Credit Card,0
681,2025-07-05,1685.42,Apple Store,Dallas,Credit Card,0
682,2025-05-02,265.3,Walmart,New York,Credit Card,0
683,2026-02-02,274.59,Target,Dallas,Online Payment,0
684,2025-08-27,125.2,eBay,Miami,Debit Card,0
685,2024-12-16,437.9,eBay,Miami,Mobile Pay,0
686,2026-03-24,1831.45,eBay,New York,Debit Card,0
687,2024-08-11,486.7,Walmart,Chicago,Mobile Pay,0
688,2025-05-05,123.1,Walmart,Dallas,Credit Card,1
689,2025-01-18,797.99,Netflix,Los Angeles,Mobile Pay,0
690,2024-07-22,653.96,Amazon,Dallas,Online Payment,0
691,2024-03-19,643.29,eBay,Los Angeles,Debit Card,0
692,2024-04-13,500.12,Netflix,New York,Credit Card,0
693,2025-08-30,1954.47,Amazon,Boston,Online Payment,0
694,2025-01-03,1097.16,Walmart,New York,Debit Card,0
695,2024-07-07,379.92,eBay,New York,Credit Card,0
696,2024-04-15,1467.4,Starbucks,Miami,Mobile Pay,0
697,2025-08-06,1549.82,Netflix,Miami,Mobile Pay,0
698,2026-03-17,129.48,Starbucks,Miami,Debit Card,0
699,2025-03-29,497.83,Netflix,Miami,Credit Card,0
700,2026-01-05,1028.86,Netflix,Seattle,Online Payment,0
701,2024-08-28,1599.51,Amazon,Dallas,Debit Card,0
702,2025-08-16,1401.6,Netflix,Chicago,Debit Card,0
703,2025-03-20,419.9,eBay,Miami,Debit Card,0
704,2024-03-27,408.22,Uber,Seattle,Online Payment,0
705,2024-09-07,1010.14,Apple Store,Dallas,Mobile Pay,0
706,2024-07-29,1353.65,Target,Dallas,Mobile Pay,0
707,2025-04-21,1450.91,Netflix,New York,Debit Card,0
708,2026-01-29,1384.26,Best Buy,Miami,Credit Card,0
709,2026-01-10,120.77,Uber,San Francisco,Mobile Pay,0
710,2025-05-22,768.52,Starbucks,San Francisco,Credit Card,0
711,2026-03-17,1750.09,Best Buy,Miami,Debit Card,0
712,2025-08-22,1297.63,Walmart,Chicago,Credit Card,0
713,2025-02-06,442.27,eBay,Chicago,Mobile Pay,0
714,2024-12-13,1709.89,Apple Store,Miami,Online Payment,0
715,2026-03-26,79.07,Best Buy,Boston,Online Payment,0
716,2024-05-23,392.1,Walmart,Seattle,Debit Card,0
717,2024-10-06,658.2,Amazon,Los Angeles,Online Payment,1
718,2025-01-11,1995.37,Walmart,New York,Mobile Pay,0
719,2025-05-04,1293.05,eBay,Boston,Online Payment,0
720,2024-04-03,1291.49,Target,Miami,Debit Card,0
721,2025-01-14,1511.58,Target,New York,Mobile Pay,0
722,2024-08-06,1097.36,Apple Store,Los Angeles,Credit Card,0
723,2024-10-06,1205.09,Walmart,Dallas,Debit Card,0
724,2025-07-12,44.87,Target,San Francisco,Mobile Pay,0
725,2024-05-03,149.13,eBay,Miami,Mobile Pay,0
726,2025-04-24,1515.77,Netflix,Chicago,Debit Card,1
727,2025-07-20,1540.7,Walmart,Seattle,Mobile Pay,0
728,2025-07-07,1955.03,Apple Store,Los Angeles,Credit Card,0
729,2024-10-31,1385.97,Apple Store,Chicago,Credit Card,0
730,2024-01-28,856.95,Uber,Boston,Debit Card,0
731,2025-06-11,1191.92,Amazon,New York,Credit Card,0
732,2025-04-11,709.58,Walmart,San Francisco,Mobile Pay,0
733,2025-01-19,1121.13,Walmart,Dallas,Debit Card,0
734,2025-03-15,1416.89,Target,Los Angeles,Debit Card,0
735,2024-11-23,1355.64,Best Buy,Miami,Mobile Pay,0
736,2025-03-27,891.75,Apple Store,Dallas,Debit Card,0
737,2024-11-06,1132.03,eBay,Dallas,Debit Card,0
738,2024-01-26,762.24,Best Buy,San Francisco,Mobile Pay,0
739,2025-10-14,1931.64,Starbucks,Miami,Mobile Pay,0
740,2025-08-28,232.87,Walmart,Dallas,Credit Card,0
741,2024-05-10,1179.23,Starbucks,Los Angeles,Debit Card,0
742,2024-05-17,1938.81,Uber,Miami,Online Payment,0
743,2024-04-02,202.92,Apple Store,San Francisco,Debit Card,0
744,2024-02-27,1229.24,Netflix,Chicago,Mobile Pay,0
745,2025-08-06,769.93,Best Buy,Dallas,Credit Card,0
746,2026-03-02,1190.52,Starbucks,Dallas,Mobile Pay,0
747,2024-08-23,682.44,Walmart,Los Angeles,Online Payment,0
748,2024-02-01,145.15,eBay,Seattle,Credit Card,1
749,2025-04-23,1817.63,Uber,Chicago,Mobile Pay,1
750,2025-03-15,1191.48,Netflix,Los Angeles,Credit Card,0
751,2025-05-13,1637.1,Walmart,Seattle,Debit Card,0
752,2025-03-31,395.63,eBay,Seattle,Credit Card,0
753,2024-02-18,1744.46,Walmart,Boston,Online Payment,0
754,2024-07-29,1624.31,Starbucks,Chicago,Debit Card,0
755,2025-01-31,988.87,eBay,Dallas,Credit Card,0
756,2025-09-28,972.47,Starbucks,Miami,Debit Card,0
757,2025-02-23,684.44,Uber,Chicago,Mobile Pay,0
758,2024-03-19,1382.16,Target,Dallas,Online Payment,0
759,2024-03-17,742.71,Target,New York,Debit Card,0
760,2025-05-10,1743.33,Best Buy,Los Angeles,Credit Card,0
761,2024-02-21,1721.48,Walmart,Miami,Online Payment,0
762,2025-12-04,650.37,Apple Store,San Francisco,Debit Card,0
763,2026-02-22,455.93,Walmart,Dallas,Mobile Pay,1
764,2025-01-24,787.16,Target,Miami,Debit Card,1
765,2024-06-27,446.86,Walmart,Los Angeles,Online Payment,0
766,2024-06-23,290.49,Apple Store,San Francisco,Online Payment,0
767,2024-07-30,200.14,Uber,Los Angeles,Debit Card,0
768,2024-09-04,879.6,Uber,Chicago,Mobile Pay,1
769,2025-01-24,605.51,Amazon,New York,Online Payment,0
770,2024-02-09,1775.86,Starbucks,Dallas,Mobile Pay,1
771,2025-03-26,1750.61,Best Buy,Los Angeles,Mobile Pay,0
772,2024-05-08,1802.06,Uber,Seattle,Credit Card,0
773,2024-10-29,967.58,eBay,Seattle,Credit Card,0
774,2025-10-28,1192.15,Amazon,Dallas,Debit Card,0
775,2024-04-30,1028.73,eBay,Boston,Credit Card,1
776,2024-03-18,1043.06,Best Buy,Dallas,Online Payment,0
777,2025-08-19,1536.51,Apple Store,New York,Online Payment,0
778,2024-09-25,1912.42,Netflix,Chicago,Credit Card,0
779,2025-11-05,1576.88,Netflix,Boston,Debit Card,0
780,2025-08-26,1029.42,Apple Store,Boston,Credit Card,0
781,2024-07-04,162.25,Apple Store,Chicago,Mobile Pay,0
782,2024-01-21,953.98,Amazon,New York,Mobile Pay,0
783,2025-10-25,1475.88,Netflix,Dallas,Debit Card,0
784,2025-06-23,1490.54,Best Buy,Dallas,Online Payment,0
785,2024-10-17,1537.53,Target,Seattle,Mobile Pay,0
786,2026-03-18,1901.64,Apple Store,Dallas,Online Payment,0
787,2024-01-25,726.44,Amazon,San Francisco,Mobile Pay,0
788,2024-11-29,399.21,Starbucks,Chicago,Credit Card,0
789,2026-02-27,629.47,Netflix,Los Angeles,Credit Card,0
790,2024-03-01,716.53,Best Buy,Los Angeles,Debit Card,0
791,2026-01-15,607.67,Amazon,New York,Debit Card,1
792,2025-12-21,535.08,Best Buy,Dallas,Credit Card,0
793,2025-01-06,1617.69,Starbucks,Los Angeles,Online Payment,0
794,2024-07-04,643.31,eBay,Miami,Online Payment,0
795,2025-01-25,1076.14,Netflix,San Francisco,Online Payment,0
796,2024-07-01,265.78,Target,Dallas,Debit Card,0
797,2024-10-04,506.85,Amazon,Miami,Debit Card,0
798,2025-03-15,1018.93,Amazon,Miami,Online Payment,0
799,2024-01-28,1346.95,Starbucks,Seattle,Credit Card,0
800,2026-03-29,1622.99,Starbucks,Dallas,Debit Card,1
801,2025-10-19,903.71,Amazon,Boston,Online Payment,0
802,2025-02-23,64.11,Uber,Miami,Credit Card,0
803,2026-01-07,1708.22,Amazon,Dallas,Credit Card,0
804,2024-05-25,329.77,Amazon,Los Angeles,Mobile Pay,0
805,2024-11-12,491.23,Best Buy,Boston,Credit Card,1
806,2025-01-24,1508.6,Target,Dallas,Online Payment,0
807,2024-02-04,1570.69,eBay,Miami,Online Payment,0
808,2025-06-30,1349.47,eBay,Chicago,Debit Card,1
809,2026-03-02,626.99,eBay,Miami,Mobile Pay,0
810,2025-08-29,1369.88,Walmart,Dallas,Online Payment,0
811,2026-01-17,668.46,Target,Dallas,Credit Card,0
812,2025-06-04,1020.69,Netflix,Miami,Online Payment,0
813,2025-01-24,379.68,Amazon,Los Angeles,Debit Card,0
814,2024-03-18,300.28,Walmart,Los Angeles,Online Payment,0
815,2025-06-08,1046.1,eBay,Los Angeles,Debit Card,0
816,2024-09-24,1566.62,Apple Store,Miami,Mobile Pay,0
817,2025-01-11,1910.05,Apple Store,Seattle,Debit Card,0
818,2025-08-04,265.77,Starbucks,San Francisco,Online Payment,0
819,2025-05-12,502.14,Best Buy,Los Angeles,Mobile Pay,0
820,2024-08-24,487.73,Target,Miami,Online Payment,0
821,2024-05-30,51.85,Apple Store,Chicago,Credit Card,0
822,2024-07-21,813.7,Amazon,Chicago,Credit Card,0
823,2024-02-06,327.41,Apple Store,Dallas,Mobile Pay,0
824,2025-01-30,1101.87,Target,Los Angeles,Online Payment,0
825,2024-05-17,1666.35,Best Buy,Chicago,Debit Card,1
826,2024-11-24,978.04,eBay,Dallas,Credit Card,0
827,2025-03-18,940.85,Amazon,Miami,Debit Card,0
828,2026-02-15,142.86,Netflix,Miami,Debit Card,1
829,2024-08-19,639.08,Apple Store,Chicago,Debit Card,1
830,2025-04-22,1242.37,Netflix,Los Angeles,Credit Card,0
831,2025-08-06,859.93,Apple Store,Dallas,Mobile Pay,0
832,2024-10-19,588.66,Best Buy,Seattle,Credit Card,0
833,2025-02-24,557.41,Target,San Francisco,Mobile Pay,0
834,2024-12-24,1978.07,Netflix,Miami,Mobile Pay,0
835,2024-03-02,1104.12,Netflix,Los Angeles,Online Payment,0
836,2024-10-23,1655.99,Starbucks,Boston,Debit Card,0
837,2025-04-18,245.86,eBay,Los Angeles,Mobile Pay,1
838,2025-04-01,1587.65,Amazon,Seattle,Online Payment,0
839,2024-06-28,677.9,Apple Store,Seattle,Mobile Pay,0
840,2024-06-10,1486.81,Best Buy,Dallas,Mobile Pay,0
841,2026-01-27,226.82,Uber,Miami,Online Payment,0
842,2025-11-29,102.89,Best Buy,Los Angeles,Mobile Pay,0
843,2024-02-25,1000.68,Walmart,New York,Online Payment,1
844,2024-08-31,268.58,Target,Los Angeles,Debit Card,0
845,2025-06-12,1037.42,Amazon,Seattle,Mobile Pay,0
846,2024-07-04,1630.68,Netflix,Miami,Debit Card,0
847,2024-10-10,1170.9,Starbucks,New York,Credit Card,0
848,2024-08-30,1768.81,Amazon,Dallas,Credit Card,0
849,2024-11-11,275.07,eBay,Miami,Debit Card,0
850,2025-03-07,335.83,Starbucks,Dallas,Credit Card,0
851,2025-07-11,913.99,eBay,San Francisco,Credit Card,1
852,2024-11-10,1599.96,Walmart,San Francisco,Mobile Pay,0
853,2024-06-17,551.3,Netflix,New York,Credit Card,0
854,2024-03-08,1234.09,Uber,Chicago,Online Payment,0
855,2024-03-10,1807.67,Uber,Miami,Credit Card,0
856,2025-07-02,487.46,Netflix,San Francisco,Credit Card,0
857,2024-10-02,738.14,Starbucks,Boston,Debit Card,0
858,2025-05-23,1793.89,Best Buy,Seattle,Mobile Pay,0
859,2025-11-11,998.18,Target,San Francisco,Mobile Pay,0
860,2024-05-10,209.84,Netflix,New York,Debit Card,0
861,2026-02-24,1462.06,Best Buy,New York,Online Payment,0
862,2025-01-06,1875.03,Netflix,Boston,Debit Card,0
863,2025-05-22,1850.88,Apple Store,Miami,Credit Card,0
864,2025-12-07,1612.74,eBay,New York,Credit Card,0
865,2024-04-25,920.01,Walmart,Dallas,Credit Card,0
866,2024-11-22,383.21,Amazon,Boston,Credit Card,0
867,2025-04-07,985.06,Walmart,Boston,Debit Card,0
868,2025-01-22,1616.17,Amazon,Boston,Credit Card,0
869,2025-05-05,1178.87,Walmart,Seattle,Debit Card,0
870,2024-09-18,513.11,eBay,Chicago,Mobile Pay,0
871,2024-04-05,102.57,Starbucks,Seattle,Debit Card,0
872,2024-11-20,378.83,Target,Seattle,Credit Card,1
873,2024-12-04,1520.08,Target,Dallas,Mobile Pay,0
874,2024-11-15,1220.44,Uber,Dallas,Credit Card,0
875,2024-01-13,1905.6,Starbucks,Miami,Credit Card,0
876,2024-08-31,70.23,Netflix,Boston,Debit Card,0
877,2024-01-04,48.06,Starbucks,Seattle,Mobile Pay,0
878,2024-08-15,494.4,eBay,Seattle,Credit Card,0
879,2025-04-15,1214.68,Amazon,Boston,Debit Card,0
880,2025-03-14,510.21,eBay,Chicago,Credit Card,0
881,2025-06-05,1221.43,Uber,Seattle,Online Payment,1
882,2025-07-21,1808.52,Walmart,San Francisco,Mobile Pay,0
883,2024-02-03,44.28,eBay,New York,Mobile Pay,0
884,2025-08-03,912.62,Target,Seattle,Debit Card,0
885,2024-05-03,532.03,Uber,Seattle,Credit Card,0
886,2024-11-05,1076.29,Walmart,Boston,Online Payment,1
887,2024-04-15,559.99,Starbucks,Chicago,Online Payment,0
888,2025-10-27,1834.4,Best Buy,Dallas,Mobile Pay,0
889,2024-12-14,1702.95,Best Buy,New York,Online Payment,0
890,2025-07-22,698.97,Best Buy,San Francisco,Debit Card,0
891,2025-06-22,50.63,Best Buy,San Francisco,Credit Card,0
892,2024-05-18,1350.23,Target,San Francisco,Mobile Pay,0
893,2024-01-11,1492.38,Apple Store,Seattle,Debit Card,0
894,2024-12-04,1135.14,Target,Chicago,Credit Card,0
895,2025-06-08,608.58,Walmart,Miami,Mobile Pay,0
896,2024-06-14,1132.04,Walmart,Chicago,Credit Card,0
897,2026-01-27,316.59,Amazon,New York,Debit Card,1
898,2024-04-27,401.21,Starbucks,Dallas,Debit Card,0
899,2024-03-02,1506.48,Starbucks,Boston,Credit Card,0
900,2024-02-16,599.5,Uber,Seattle,Credit Card,0
901,2026-01-23,1059.05,Uber,Seattle,Debit Card,0
902,2026-03-09,587.78,Target,Seattle,Credit Card,0
903,2025-07-15,256.86,Walmart,San Francisco,Online Payment,0
904,2026-03-30,1113.49,Netflix,Miami,Credit Card,0
905,2025-09-06,922.1,Netflix,Seattle,Online Payment,0
906,2025-09-30,1158.84,Walmart,New York,Credit Card,0
907,2025-06-17,1782.89,Starbucks,Dallas,Mobile Pay,0
908,2026-01-10,1710.39,Target,Boston,Credit Card,0
909,2026-02-24,1491.82,eBay,New York,Online Payment,0
910,2025-11-20,1910.58,Netflix,Chicago,Mobile Pay,0
911,2026-03-03,406.56,Target,Los Angeles,Mobile Pay,0
912,2024-07-08,456.46,Starbucks,Chicago,Debit Card,0
913,2026-03-12,1649.5,Netflix,San Francisco,Debit Card,0
914,2024-04-01,1234.81,eBay,Seattle,Online Payment,0
915,2026-03-23,399.29,Best Buy,Seattle,Debit Card,0
916,2024-07-06,515.0,Target,Seattle,Credit Card,0
917,2024-12-18,744.56,Best Buy,Boston,Debit Card,0
918,2024-06-28,1760.38,Starbucks,Seattle,Debit Card,0
919,2025-05-21,111.12,eBay,San Francisco,Mobile Pay,0
920,2024-07-22,1903.59,Netflix,Chicago,Mobile Pay,0
921,2024-03-22,532.4,Apple Store,San Francisco,Credit Card,0
922,2025-07-31,413.71,Walmart,Seattle,Mobile Pay,0
923,2025-07-10,1242.95,eBay,Los Angeles,Debit Card,0
924,2024-06-24,1588.59,Starbucks,Boston,Online Payment,0
925,2024-07-08,595.83,Target,New York,Credit Card,0
926,2025-10-11,1332.08,eBay,Dallas,Credit Card,0
927,2025-09-09,236.43,Amazon,San Francisco,Online Payment,0
928,2025-06-08,665.14,Walmart,New York,Mobile Pay,0
929,2025-01-30,856.02,Apple Store,Los Angeles,Online Payment,0
930,2024-10-13,1671.67,Uber,Dallas,Credit Card,0
931,2024-10-26,1801.14,Apple Store,Chicago,Credit Card,1
932,2024-01-21,1604.52,eBay,San Francisco,Online Payment,0
933,2026-01-08,264.1,Walmart,Boston,Credit Card,0
934,2024-09-17,797.29,Best Buy,Miami,Mobile Pay,0
935,2025-08-07,1807.55,Netflix,San Francisco,Debit Card,0
936,2024-08-24,396.75,Amazon,Miami,Mobile Pay,1
937,2024-03-25,1551.51,Walmart,Dallas,Credit Card,0
938,2025-06-05,218.14,Best Buy,Dallas,Online Payment,0
939,2025-12-30,602.44,Uber,Dallas,Debit Card,0
940,2026-02-13,391.12,Netflix,New York,Mobile Pay,0
941,2025-09-03,102.5,Amazon,Los Angeles,Debit Card,0
942,2024-03-17,30.76,Best Buy,Seattle,Mobile Pay,0
943,2024-01-29,653.53,Apple Store,Los Angeles,Online Payment,0
944,2025-01-30,1410.65,Uber,Los Angeles,Mobile Pay,0
945,2025-01-24,1891.74,eBay,Boston,Debit Card,0
946,2025-06-27,802.37,eBay,Boston,Mobile Pay,0
947,2024-07-03,187.97,eBay,Boston,Mobile Pay,0
948,2025-02-27,1143.97,Uber,Seattle,Mobile Pay,1
949,2025-12-15,987.42,Netflix,Dallas,Credit Card,1
950,2026-03-23,550.28,Starbucks,Dallas,Credit Card,0
951,2024-08-01,341.48,Walmart,Dallas,Credit Card,0
952,2024-06-09,368.11,Best Buy,Dallas,Mobile Pay,0
953,2024-08-22,1469.54,Target,New York,Mobile Pay,0
954,2024-01-02,468.31,Netflix,Los Angeles,Online Payment,0
955,2024-10-17,1531.85,Starbucks,San Francisco,Online Payment,0
956,2025-06-20,380.4,Starbucks,Dallas,Credit Card,0
957,2024-10-20,531.79,Apple Store,Boston,Online Payment,0
958,2024-08-24,478.13,Netflix,Dallas,Mobile Pay,0
959,2025-08-21,1063.45,Netflix,New York,Mobile Pay,0
960,2026-03-27,1389.23,Uber,Boston,Debit Card,0
961,2025-01-12,1619.86,Apple Store,Chicago,Credit Card,0
962,2025-03-24,1094.47,Best Buy,New York,Debit Card,0
963,2025-07-24,628.29,Walmart,Chicago,Online Payment,0
964,2024-09-14,1182.24,Best Buy,Dallas,Online Payment,0
965,2026-02-26,113.16,Walmart,Boston,Mobile Pay,1
966,2026-01-09,803.5,Starbucks,Chicago,Debit Card,0
967,2025-09-08,551.89,Uber,Chicago,Online Payment,0
968,2026-02-02,447.91,Amazon,Seattle,Debit Card,0
969,2025-11-28,1730.68,eBay,New York,Credit Card,0
970,2024-09-22,1543.14,Best Buy,Dallas,Online Payment,0
971,2026-03-28,904.36,Uber,Seattle,Credit Card,0
972,2024-12-01,1265.39,Apple Store,San Francisco,Credit Card,0
973,2024-05-07,633.55,Starbucks,Seattle,Online Payment,0
974,2025-08-26,124.67,Starbucks,New York,Mobile Pay,0
975,2024-11-15,1803.45,Starbucks,Los Angeles,Credit Card,0
976,2024-01-25,1198.79,Netflix,New York,Online Payment,0
977,2024-04-14,1655.22,Walmart,Miami,Mobile Pay,0
978,2025-05-20,1161.34,Target,Seattle,Credit Card,0
979,2025-05-29,1575.4,eBay,Boston,Debit Card,0
980,2024-06-18,1390.43,Walmart,San Francisco,Debit Card,0
981,2025-05-12,577.47,Apple Store,San Francisco,Credit Card,0
982,2025-07-07,89.88,Best Buy,New York,Online Payment,0
983,2024-04-10,40.82,Uber,Dallas,Mobile Pay,0
984,2025-07-30,1320.88,Netflix,Dallas,Credit Card,0
985,2025-08-11,955.25,Best Buy,San Francisco,Mobile Pay,0
986,2025-04-17,1941.41,Best Buy,Boston,Credit Card,0
987,2025-07-06,1784.21,Walmart,New York,Credit Card,0
988,2025-04-20,1584.84,Target,New York,Mobile Pay,0
989,2025-10-15,1583.13,Starbucks,San Francisco,Credit Card,0
990,2024-02-11,1697.0,Starbucks,New York,Credit Card,0
991,2026-03-08,175.57,Target,Dallas,Debit Card,0
992,2026-03-01,1236.82,Walmart,New York,Debit Card,0
993,2025-02-15,754.32,Uber,Miami,Debit Card,1
994,2024-06-10,1269.41,Best Buy,Chicago,Debit Card,0
995,2025-02-04,657.34,Walmart,Seattle,Debit Card,0
996,2025-07-05,462.96,eBay,Seattle,Mobile Pay,0
997,2025-03-27,250.0,Walmart,San Francisco,Debit Card,0
998,2024-08-06,779.79,Amazon,Los Angeles,Mobile Pay,0
999,2024-09-26,856.49,Best Buy,New York,Online Payment,0
1000,2024-08-21,728.06,Apple Store,New York,Online Payment,0
